,Treebank,hu_szeged-ud-dev_Case=Tem,hu_szeged-ud-test_Case=Tem,hu_szeged-ud-train_Case=Tem,fa_seraji-ud-dev_Case=Tem,fa_seraji-ud-test_Case=Tem,fa_seraji-ud-train_Case=Tem,gub_tudet-ud-test_Case=Tem,lzh_tuecl-ud-test_Case=Tem,apu_ufpa-ud-test_Case=Tem,egy_ujaen-ud-test_Case=Tem,nyq_aha-ud-test_Case=Tem,mdf_jr-ud-test_Case=Tem,mdf_jr-ud-train_Case=Tem,myv_jr-ud-test_Case=Tem,myv_jr-ud-train_Case=Tem,kfm_aha-ud-test_Case=Tem,soj_aha-ud-test_Case=Tem,he_htb-ud-train_Case=Tem,lzh_kyoto-ud-dev_Case=Tem,lzh_kyoto-ud-train_Case=Tem,lzh_kyoto-ud-test_Case=Tem,gu_gujtb-ud-test_Case=Tem
0,el_gud-ud-train_Case=Voc,11.243053410884428,11.357816691600545,11.357816691600545,12.220201853215572,12.220201853215572,12.220201853215572,11.357816691600545,12.220201853215572,12.220201853215572,12.220201853215572,12.220201853215572,12.220201853215572,12.220201853215572,10.252370999486464,9.652288157046838,12.220201853215572,12.220201853215572,6.943222114647733,12.220201853215572,12.220201853215572,12.220201853215572,9.433981132056603
1,el_gud-ud-test_Case=Voc,13.408253055487878,13.509256086106296,13.509256086106296,14.33527118683145,14.33527118683145,14.33527118683145,13.509256086106296,14.33527118683145,14.33527118683145,14.33527118683145,14.33527118683145,14.33527118683145,14.33527118683145,12.47441826744282,11.832159566199232,14.33527118683145,14.33527118683145,9.212762886344139,14.33527118683145,14.33527118683145,14.33527118683145,11.597413504743201
2,fa_seraji-ud-dev_Case=Voc,1.1319231422671772,1.0,1.0,0.0,0.0,0.0,1.0,0.0,0.0,0.0,0.0,0.0,0.0,2.472066162365221,4.301162633521313,0.0,0.0,8.299096336348915,0.0,0.0,0.0,5.0
3,fa_seraji-ud-test_Case=Voc,1.1319231422671772,1.0,1.0,0.0,0.0,0.0,1.0,0.0,0.0,0.0,0.0,0.0,0.0,2.472066162365221,4.301162633521313,0.0,0.0,8.299096336348915,0.0,0.0,0.0,5.0
4,fa_seraji-ud-train_Case=Voc,1.1319231422671772,1.0,1.0,0.0,0.0,0.0,1.0,0.0,0.0,0.0,0.0,0.0,0.0,2.472066162365221,4.301162633521313,0.0,0.0,8.299096336348915,0.0,0.0,0.0,5.0
5,sga_dipsgg-ud-test_Case=Voc,1.1319231422671772,1.0,1.0,0.0,0.0,0.0,1.0,0.0,0.0,0.0,0.0,0.0,0.0,2.472066162365221,4.301162633521313,0.0,0.0,8.299096336348915,0.0,0.0,0.0,5.0
6,pl_pdb-ud-test_Case=Voc,5.368618660934171,5.454823740581938,5.454823740581938,6.202369527454974,6.202369527454974,6.202369527454974,5.454823740581938,6.202369527454974,6.202369527454974,6.202369527454974,6.202369527454974,6.202369527454974,6.202369527454974,4.681221229502669,4.792638913490358,6.202369527454974,6.202369527454974,5.662037925463565,6.202369527454974,6.202369527454974,6.202369527454974,4.961072958338669
7,pl_pdb-ud-train_Case=Voc,5.58270369789696,5.6768159798800495,5.6768159798800495,6.473643321286683,6.473643321286683,6.473643321286683,5.6768159798800495,6.473643321286683,6.473643321286683,6.473643321286683,6.473643321286683,6.473643321286683,6.473643321286683,4.804141444936529,4.798092768473326,6.473643321286683,6.473643321286683,5.291405006437209,6.473643321286683,6.473643321286683,6.473643321286683,4.9173961731760985
8,pl_pdb-ud-dev_Case=Voc,3.4527163219702834,3.5411862419251547,3.5411862419251547,4.328972164382673,4.328972164382673,4.328972164382673,3.5411862419251547,4.328972164382673,4.328972164382673,4.328972164382673,4.328972164382673,4.328972164382673,4.328972164382673,2.837447992670722,3.4698703145794942,4.328972164382673,4.328972164382673,5.6404787030889505,4.328972164382673,4.328972164382673,4.328972164382673,3.8652296180175374
9,uk_iu-ud-dev_Case=Voc,1.1319231422671772,1.0,1.0,0.0,0.0,0.0,1.0,0.0,0.0,0.0,0.0,0.0,0.0,2.472066162365221,4.301162633521313,0.0,0.0,8.299096336348915,0.0,0.0,0.0,5.0
10,uk_iu-ud-train_Case=Voc,40.902704678297255,41.012193308819754,41.012193308819754,41.86884283091664,41.86884283091664,41.86884283091664,41.012193308819754,41.86884283091664,41.86884283091664,41.86884283091664,41.86884283091664,41.86884283091664,41.86884283091664,39.88037668383342,38.98076448711595,41.86884283091664,41.86884283091664,35.54750342851098,41.86884283091664,41.86884283091664,41.86884283091664,38.600518131237564
11,uk_iu-ud-test_Case=Voc,1.1319231422671772,1.0,1.0,0.0,0.0,0.0,1.0,0.0,0.0,0.0,0.0,0.0,0.0,2.472066162365221,4.301162633521313,0.0,0.0,8.299096336348915,0.0,0.0,0.0,5.0
12,sa_vedic-ud-test_Case=Voc,346.1903829542352,346.2975599105486,346.2975599105486,347.1296587732025,347.1296587732025,347.1296587732025,346.2975599105486,347.1296587732025,347.1296587732025,347.1296587732025,347.1296587732025,347.1296587732025,347.1296587732025,345.1817556656847,344.2303008161832,347.1296587732025,347.1296587732025,340.71744158466555,347.1296587732025,347.1296587732025,347.1296587732025,343.8197202023177
13,sa_vedic-ud-train_Case=Voc,158.28696048448933,158.3946821905975,158.3946821905975,159.23164714190312,159.23164714190312,159.23164714190312,158.3946821905975,159.23164714190312,159.23164714190312,159.23164714190312,159.23164714190312,159.23164714190312,159.23164714190312,157.27499818427188,156.33064345515402,159.23164714190312,159.23164714190312,152.82373000134353,159.23164714190312,159.23164714190312,159.23164714190312,155.9241771838829
14,sa_vedic-ud-dev_Case=Voc,414.1727070317406,414.28009848410534,414.28009848410534,415.10841957252563,415.10841957252563,415.10841957252563,414.28009848410534,415.10841957252563,415.10841957252563,415.10841957252563,415.10841957252563,415.10841957252563,415.10841957252563,413.1671709019379,412.22020814123124,415.10841957252563,415.10841957252563,408.71980010760427,415.10841957252563,415.10841957252563,415.10841957252563,411.8106360938241
15,kmr_mg-ud-test_Case=Voc,1.1319231422671772,1.0,1.0,0.0,0.0,0.0,1.0,0.0,0.0,0.0,0.0,0.0,0.0,2.472066162365221,4.301162633521313,0.0,0.0,8.299096336348915,0.0,0.0,0.0,5.0
16,hr_set-ud-dev_Case=Voc,1.1319231422671772,1.0,1.0,0.0,0.0,0.0,1.0,0.0,0.0,0.0,0.0,0.0,0.0,2.472066162365221,4.301162633521313,0.0,0.0,8.299096336348915,0.0,0.0,0.0,5.0
17,hr_set-ud-train_Case=Voc,33.02319260762048,33.13608305156178,33.13608305156178,34.0147027033899,34.0147027033899,34.0147027033899,33.13608305156178,34.0147027033899,34.0147027033899,34.0147027033899,34.0147027033899,34.0147027033899,34.0147027033899,31.97568520680119,31.072495876578696,34.0147027033899,34.0147027033899,27.57489800525108,34.0147027033899,34.0147027033899,34.0147027033899,30.692018506445613
18,hr_set-ud-test_Case=Voc,1.1319231422671772,1.0,1.0,0.0,0.0,0.0,1.0,0.0,0.0,0.0,0.0,0.0,0.0,2.472066162365221,4.301162633521313,0.0,0.0,8.299096336348915,0.0,0.0,0.0,5.0
19,orv_rnc-ud-dev_Case=Voc,1.1319231422671772,1.0,1.0,0.0,0.0,0.0,1.0,0.0,0.0,0.0,0.0,0.0,0.0,2.472066162365221,4.301162633521313,0.0,0.0,8.299096336348915,0.0,0.0,0.0,5.0
20,orv_rnc-ud-train_Case=Voc,58.86026885769381,58.95195784139262,58.95195784139262,59.679700624807644,59.679700624807644,59.679700624807644,58.95195784139262,59.679700624807644,59.679700624807644,59.679700624807644,59.679700624807644,59.679700624807644,59.679700624807644,57.99616845581745,57.22324702426453,59.679700624807644,59.679700624807644,54.3464963605444,59.679700624807644,59.679700624807644,59.679700624807644,56.89756878227165
21,orv_rnc-ud-test_Case=Voc,11.403124571800486,11.49456393257265,11.49456393257265,12.232129822725067,12.232129822725067,12.232129822725067,11.49456393257265,12.232129822725067,12.232129822725067,12.232129822725067,12.232129822725067,12.232129822725067,12.232129822725067,10.602017627686617,10.167349703831377,12.232129822725067,12.232129822725067,8.667467911679857,12.232129822725067,12.232129822725067,12.232129822725067,10.031201323869439
22,cpg_tuecl-ud-test_Case=Voc,24.470007151613178,24.576411454889016,24.576411454889016,25.39685019840059,25.39685019840059,25.39685019840059,24.576411454889016,25.39685019840059,25.39685019840059,25.39685019840059,25.39685019840059,25.39685019840059,25.39685019840059,23.504136751738926,22.726636354727024,25.39685019840059,25.39685019840059,19.681844425764574,25.39685019840059,25.39685019840059,25.39685019840059,22.40535650240808
23,la_circse-ud-test_Case=Voc,52.09236588343184,52.21110992882645,52.21110992882645,53.06913729592119,53.06913729592119,53.06913729592119,52.21110992882645,53.06913729592119,53.06913729592119,53.06913729592119,53.06913729592119,53.06913729592119,53.06913729592119,51.04899607240087,50.15143733400536,53.06913729592119,53.06913729592119,46.656993044987374,53.06913729592119,53.06913729592119,53.06913729592119,49.759421218498915
24,grc_perseus-ud-dev_Case=Voc,1.1319231422671772,1.0,1.0,0.0,0.0,0.0,1.0,0.0,0.0,0.0,0.0,0.0,0.0,2.472066162365221,4.301162633521313,0.0,0.0,8.299096336348915,0.0,0.0,0.0,5.0
25,grc_perseus-ud-train_Case=Voc,1.1319231422671772,1.0,1.0,0.0,0.0,0.0,1.0,0.0,0.0,0.0,0.0,0.0,0.0,2.472066162365221,4.301162633521313,0.0,0.0,8.299096336348915,0.0,0.0,0.0,5.0
26,grc_perseus-ud-test_Case=Voc,1.1319231422671772,1.0,1.0,0.0,0.0,0.0,1.0,0.0,0.0,0.0,0.0,0.0,0.0,2.472066162365221,4.301162633521313,0.0,0.0,8.299096336348915,0.0,0.0,0.0,5.0
27,qpm_philotis-ud-train_Case=Voc,88.35174729454987,88.45337754998393,88.45337754998393,89.23564310296643,89.23564310296643,89.23564310296643,88.45337754998393,89.23564310296643,89.23564310296643,89.23564310296643,89.23564310296643,89.23564310296643,89.23564310296643,87.40963587868585,86.55345169315895,89.23564310296643,89.23564310296643,83.32391613456487,89.23564310296643,89.23564310296643,89.23564310296643,86.18584570566097
28,qpm_philotis-ud-dev_Case=Voc,1.1319231422671772,1.0,1.0,0.0,0.0,0.0,1.0,0.0,0.0,0.0,0.0,0.0,0.0,2.472066162365221,4.301162633521313,0.0,0.0,8.299096336348915,0.0,0.0,0.0,5.0
29,qpm_philotis-ud-test_Case=Voc,1.1319231422671772,1.0,1.0,0.0,0.0,0.0,1.0,0.0,0.0,0.0,0.0,0.0,0.0,2.472066162365221,4.301162633521313,0.0,0.0,8.299096336348915,0.0,0.0,0.0,5.0
30,la_perseus-ud-test_Case=Voc,1.1319231422671772,1.0,1.0,0.0,0.0,0.0,1.0,0.0,0.0,0.0,0.0,0.0,0.0,2.472066162365221,4.301162633521313,0.0,0.0,8.299096336348915,0.0,0.0,0.0,5.0
31,la_perseus-ud-train_Case=Voc,1.1319231422671772,1.0,1.0,0.0,0.0,0.0,1.0,0.0,0.0,0.0,0.0,0.0,0.0,2.472066162365221,4.301162633521313,0.0,0.0,8.299096336348915,0.0,0.0,0.0,5.0
32,sk_snk-ud-train_Case=Voc,1.1319231422671772,1.0,1.0,0.0,0.0,0.0,1.0,0.0,0.0,0.0,0.0,0.0,0.0,2.472066162365221,4.301162633521313,0.0,0.0,8.299096336348915,0.0,0.0,0.0,5.0
33,lt_hse-ud-train_Case=Voc,1.1319231422671772,1.0,1.0,0.0,0.0,0.0,1.0,0.0,0.0,0.0,0.0,0.0,0.0,2.472066162365221,4.301162633521313,0.0,0.0,8.299096336348915,0.0,0.0,0.0,5.0
34,ess_sli-ud-test_Case=Voc,1.1319231422671772,1.0,1.0,0.0,0.0,0.0,1.0,0.0,0.0,0.0,0.0,0.0,0.0,2.472066162365221,4.301162633521313,0.0,0.0,8.299096336348915,0.0,0.0,0.0,5.0
35,hit_hittb-ud-test_Case=Voc,1.1319231422671772,1.0,1.0,0.0,0.0,0.0,1.0,0.0,0.0,0.0,0.0,0.0,0.0,2.472066162365221,4.301162633521313,0.0,0.0,8.299096336348915,0.0,0.0,0.0,5.0
36,sa_ufal-ud-test_Case=Voc,1.1319231422671772,1.0,1.0,0.0,0.0,0.0,1.0,0.0,0.0,0.0,0.0,0.0,0.0,2.472066162365221,4.301162633521313,0.0,0.0,8.299096336348915,0.0,0.0,0.0,5.0
37,be_hse-ud-train_Case=Voc,1.1319231422671772,1.0,1.0,0.0,0.0,0.0,1.0,0.0,0.0,0.0,0.0,0.0,0.0,2.472066162365221,4.301162633521313,0.0,0.0,8.299096336348915,0.0,0.0,0.0,5.0
38,be_hse-ud-dev_Case=Voc,1.1319231422671772,1.0,1.0,0.0,0.0,0.0,1.0,0.0,0.0,0.0,0.0,0.0,0.0,2.472066162365221,4.301162633521313,0.0,0.0,8.299096336348915,0.0,0.0,0.0,5.0
39,be_hse-ud-test_Case=Voc,1.1319231422671772,1.0,1.0,0.0,0.0,0.0,1.0,0.0,0.0,0.0,0.0,0.0,0.0,2.472066162365221,4.301162633521313,0.0,0.0,8.299096336348915,0.0,0.0,0.0,5.0
40,cs_pud-ud-test_Case=Voc,1.1319231422671772,1.0,1.0,0.0,0.0,0.0,1.0,0.0,0.0,0.0,0.0,0.0,0.0,2.472066162365221,4.301162633521313,0.0,0.0,8.299096336348915,0.0,0.0,0.0,5.0
41,orv_ruthenian-ud-test_Case=Voc,5.514186250028194,5.612486080160912,5.612486080160912,6.442049363362563,6.442049363362563,6.442049363362563,5.612486080160912,6.442049363362563,6.442049363362563,6.442049363362563,6.442049363362563,6.442049363362563,6.442049363362563,4.6844897741850655,4.636809247747852,6.442049363362563,6.442049363362563,5.0124844139408555,6.442049363362563,6.442049363362563,6.442049363362563,4.743416490252569
42,orv_ruthenian-ud-train_Case=Voc,7.247844507162112,7.3484692283495345,7.3484692283495345,8.18535277187245,8.18535277187245,8.18535277187245,7.3484692283495345,8.18535277187245,8.18535277187245,8.18535277187245,8.18535277187245,8.18535277187245,8.18535277187245,6.3595946761129705,6.041522986797286,8.18535277187245,8.18535277187245,5.232112384114087,8.18535277187245,8.18535277187245,8.18535277187245,6.0
43,orv_ruthenian-ud-dev_Case=Voc,1.1319231422671772,1.0,1.0,0.0,0.0,0.0,1.0,0.0,0.0,0.0,0.0,0.0,0.0,2.472066162365221,4.301162633521313,0.0,0.0,8.299096336348915,0.0,0.0,0.0,5.0
44,ml_ufal-ud-test_Case=Voc,1.1319231422671772,1.0,1.0,0.0,0.0,0.0,1.0,0.0,0.0,0.0,0.0,0.0,0.0,2.472066162365221,4.301162633521313,0.0,0.0,8.299096336348915,0.0,0.0,0.0,5.0
45,egy_ujaen-ud-test_Case=Voc,1.1319231422671772,1.0,1.0,0.0,0.0,0.0,1.0,0.0,0.0,0.0,0.0,0.0,0.0,2.472066162365221,4.301162633521313,0.0,0.0,8.299096336348915,0.0,0.0,0.0,5.0
46,ro_nonstandard-ud-test_Case=Voc,21.158216817323925,21.24983660067897,21.24983660067897,21.99747460252856,21.99747460252856,21.99747460252856,21.24983660067897,21.99747460252856,21.99747460252856,21.99747460252856,21.99747460252856,21.99747460252856,21.99747460252856,20.303256443788083,19.639812173802028,21.99747460252856,21.99747460252856,17.1492630227139,21.99747460252856,21.99747460252856,21.99747460252856,19.379255804998177
47,ro_nonstandard-ud-dev_Case=Voc,70.82924007780967,70.92249290598858,70.92249290598858,71.67286794875729,71.67286794875729,71.67286794875729,70.92249290598858,71.67286794875729,71.67286794875729,71.67286794875729,71.67286794875729,71.67286794875729,71.67286794875729,69.93647911577412,69.11946180346024,71.67286794875729,71.67286794875729,66.09746591209075,71.67286794875729,71.67286794875729,71.67286794875729,68.7749954561976
48,ro_nonstandard-ud-train_Case=Voc,34.73073206829939,34.82881948425278,34.82881948425278,35.61385498182788,35.61385498182788,35.61385498182788,34.82881948425278,35.61385498182788,35.61385498182788,35.61385498182788,35.61385498182788,35.61385498182788,35.61385498182788,33.807001247276176,33.012068500272235,35.61385498182788,35.61385498182788,30.00438856789675,35.61385498182788,35.61385498182788,35.61385498182788,32.68251316326005
49,ro_simonero-ud-train_Case=Voc,1.2374368670764582,1.4142135623730951,1.4142135623730951,2.23606797749979,2.23606797749979,2.23606797749979,1.4142135623730951,2.23606797749979,2.23606797749979,2.23606797749979,2.23606797749979,2.23606797749979,2.23606797749979,1.0540925533894598,3.082207001484488,2.23606797749979,2.23606797749979,6.547900426854397,2.23606797749979,2.23606797749979,2.23606797749979,3.7416573867739413
50,mr_ufal-ud-dev_Case=Voc,1.1319231422671772,1.0,1.0,0.0,0.0,0.0,1.0,0.0,0.0,0.0,0.0,0.0,0.0,2.472066162365221,4.301162633521313,0.0,0.0,8.299096336348915,0.0,0.0,0.0,5.0
51,mr_ufal-ud-test_Case=Voc,1.1319231422671772,1.0,1.0,0.0,0.0,0.0,1.0,0.0,0.0,0.0,0.0,0.0,0.0,2.472066162365221,4.301162633521313,0.0,0.0,8.299096336348915,0.0,0.0,0.0,5.0
52,ro_tuecl-ud-test_Case=Voc,5.003124024047375,5.0990195135927845,5.0990195135927845,5.916079783099616,5.916079783099616,5.916079783099616,5.0990195135927845,5.916079783099616,5.916079783099616,5.916079783099616,5.916079783099616,5.916079783099616,5.916079783099616,4.2163702135578385,4.301162633521313,5.916079783099616,5.916079783099616,5.0373604199024715,5.916079783099616,5.916079783099616,5.916079783099616,4.47213595499958
53,lt_alksnis-ud-test_Case=Voc,1.1319231422671772,1.0,1.0,0.0,0.0,0.0,1.0,0.0,0.0,0.0,0.0,0.0,0.0,2.472066162365221,4.301162633521313,0.0,0.0,8.299096336348915,0.0,0.0,0.0,5.0
54,lt_alksnis-ud-dev_Case=Voc,1.1319231422671772,1.0,1.0,0.0,0.0,0.0,1.0,0.0,0.0,0.0,0.0,0.0,0.0,2.472066162365221,4.301162633521313,0.0,0.0,8.299096336348915,0.0,0.0,0.0,5.0
55,lt_alksnis-ud-train_Case=Voc,1.1319231422671772,1.0,1.0,0.0,0.0,0.0,1.0,0.0,0.0,0.0,0.0,0.0,0.0,2.472066162365221,4.301162633521313,0.0,0.0,8.299096336348915,0.0,0.0,0.0,5.0
56,vi_tuecl-ud-test_Case=Voc,1.1319231422671772,1.0,1.0,0.0,0.0,0.0,1.0,0.0,0.0,0.0,0.0,0.0,0.0,2.472066162365221,4.301162633521313,0.0,0.0,8.299096336348915,0.0,0.0,0.0,5.0
57,cu_proiel-ud-train_Case=Voc,16.172080285106258,16.27104901384912,16.27104901384912,17.047292861502005,17.047292861502005,17.047292861502005,16.27104901384912,17.047292861502005,17.047292861502005,17.047292861502005,17.047292861502005,17.047292861502005,17.047292861502005,15.286684026488551,14.665917675830524,17.047292861502005,17.047292861502005,12.299162753298818,17.047292861502005,17.047292861502005,17.047292861502005,14.427666558625127
58,cu_proiel-ud-test_Case=Voc,16.890148541933993,16.995867266257154,16.995867266257154,17.792885568662104,17.792885568662104,17.792885568662104,16.995867266257154,17.792885568662104,17.792885568662104,17.792885568662104,17.792885568662104,17.792885568662104,17.792885568662104,15.966850416191651,15.31474199306177,17.792885568662104,17.792885568662104,12.760306157108475,17.792885568662104,17.792885568662104,17.792885568662104,15.055819006298302
59,cu_proiel-ud-dev_Case=Voc,20.731465136217818,20.836236712289928,20.836236712289928,21.63884630523281,21.63884630523281,21.63884630523281,20.836236712289928,21.63884630523281,21.63884630523281,21.63884630523281,21.63884630523281,21.63884630523281,21.63884630523281,19.79407300146042,19.0767263335014,21.63884630523281,21.63884630523281,16.283738021932866,21.63884630523281,21.63884630523281,21.63884630523281,18.784994891078657
60,la_llct-ud-dev_Case=Voc,1.1319231422671772,1.0,1.0,0.0,0.0,0.0,1.0,0.0,0.0,0.0,0.0,0.0,0.0,2.472066162365221,4.301162633521313,0.0,0.0,8.299096336348915,0.0,0.0,0.0,5.0
61,la_llct-ud-train_Case=Voc,4.8759693559838775,4.993823345387607,4.993823345387607,5.920251913225432,5.920251913225432,5.920251913225432,4.993823345387607,5.920251913225432,5.920251913225432,5.920251913225432,5.920251913225432,5.920251913225432,5.920251913225432,3.884124065099674,3.828902431136173,5.920251913225432,5.920251913225432,4.187540307526662,5.920251913225432,5.920251913225432,5.920251913225432,3.950308629918039
62,sr_set-ud-train_Case=Voc,1.1319231422671772,1.0,1.0,0.0,0.0,0.0,1.0,0.0,0.0,0.0,0.0,0.0,0.0,2.472066162365221,4.301162633521313,0.0,0.0,8.299096336348915,0.0,0.0,0.0,5.0
63,la_proiel-ud-test_Case=Voc,10.336189121506802,10.434983894999018,10.434983894999018,11.220021786471223,11.220021786471223,11.220021786471223,10.434983894999018,11.220021786471223,11.220021786471223,11.220021786471223,11.220021786471223,11.220021786471223,11.220021786471223,9.47511360236793,9.021579068482906,11.220021786471223,11.220021786471223,7.433968582721405,11.220021786471223,11.220021786471223,11.220021786471223,8.881941729649485
64,la_proiel-ud-dev_Case=Voc,14.825021079243024,14.922019523732928,14.922019523732928,15.69500982265807,15.69500982265807,15.69500982265807,14.922019523732928,15.69500982265807,15.69500982265807,15.69500982265807,15.69500982265807,15.69500982265807,15.69500982265807,13.9522996909709,13.360389215887388,15.69500982265807,15.69500982265807,11.137399457084525,15.69500982265807,15.69500982265807,15.69500982265807,13.140268896284683
65,la_proiel-ud-train_Case=Voc,15.206677992104506,15.308573759679756,15.308573759679756,16.103129009260556,16.103129009260556,16.103129009260556,15.308573759679756,16.103129009260556,16.103129009260556,16.103129009260556,16.103129009260556,16.103129009260556,16.103129009260556,14.29907485352345,13.673207276357008,16.103129009260556,16.103129009260556,11.269812800377634,16.103129009260556,16.103129009260556,16.103129009260556,13.434188868538197
66,grc_proiel-ud-test_Case=Voc,11.055258929577363,11.163556780883054,11.163556780883054,11.984364814206884,11.984364814206884,11.984364814206884,11.163556780883054,11.984364814206884,11.984364814206884,11.984364814206884,11.984364814206884,11.984364814206884,11.984364814206884,10.127657401612895,9.598176910226233,11.984364814206884,11.984364814206884,7.533259586659682,11.984364814206884,11.984364814206884,11.984364814206884,9.414085191881366
67,grc_proiel-ud-train_Case=Voc,20.322827051931434,20.420372301656784,20.420372301656784,21.18994636992963,21.18994636992963,21.18994636992963,20.420372301656784,21.18994636992963,21.18994636992963,21.18994636992963,21.18994636992963,21.18994636992963,21.18994636992963,19.43533754991182,18.75995867220171,21.18994636992963,21.18994636992963,16.17645560836436,21.18994636992963,21.18994636992963,21.18994636992963,18.49121246083136
68,grc_proiel-ud-dev_Case=Voc,13.95416604459041,14.049021318227117,14.049021318227117,14.828182626336917,14.828182626336917,14.828182626336917,14.049021318227117,14.828182626336917,14.828182626336917,14.828182626336917,14.828182626336917,14.828182626336917,14.828182626336917,13.082537130762434,12.4949989995998,14.828182626336917,14.828182626336917,10.301698889018258,14.828182626336917,14.828182626336917,14.828182626336917,12.283118496538247
69,ru_taiga-ud-train_Case=Voc,1.1319231422671772,1.0,1.0,0.0,0.0,0.0,1.0,0.0,0.0,0.0,0.0,0.0,0.0,2.472066162365221,4.301162633521313,0.0,0.0,8.299096336348915,0.0,0.0,0.0,5.0
70,ru_taiga-ud-dev_Case=Voc,1.1319231422671772,1.0,1.0,0.0,0.0,0.0,1.0,0.0,0.0,0.0,0.0,0.0,0.0,2.472066162365221,4.301162633521313,0.0,0.0,8.299096336348915,0.0,0.0,0.0,5.0
71,ru_taiga-ud-test_Case=Voc,1.1319231422671772,1.0,1.0,0.0,0.0,0.0,1.0,0.0,0.0,0.0,0.0,0.0,0.0,2.472066162365221,4.301162633521313,0.0,0.0,8.299096336348915,0.0,0.0,0.0,5.0
72,tpn_tudet-ud-test_Case=Voc,1.1319231422671772,1.0,1.0,0.0,0.0,0.0,1.0,0.0,0.0,0.0,0.0,0.0,0.0,2.472066162365221,4.301162633521313,0.0,0.0,8.299096336348915,0.0,0.0,0.0,5.0
73,ga_idt-ud-train_Case=Voc,1.1319231422671772,1.0,1.0,0.0,0.0,0.0,1.0,0.0,0.0,0.0,0.0,0.0,0.0,2.472066162365221,4.301162633521313,0.0,0.0,8.299096336348915,0.0,0.0,0.0,5.0
74,ga_idt-ud-test_Case=Voc,1.1319231422671772,1.0,1.0,0.0,0.0,0.0,1.0,0.0,0.0,0.0,0.0,0.0,0.0,2.472066162365221,4.301162633521313,0.0,0.0,8.299096336348915,0.0,0.0,0.0,5.0
75,ga_idt-ud-dev_Case=Voc,1.1319231422671772,1.0,1.0,0.0,0.0,0.0,1.0,0.0,0.0,0.0,0.0,0.0,0.0,2.472066162365221,4.301162633521313,0.0,0.0,8.299096336348915,0.0,0.0,0.0,5.0
76,ro_art-ud-test_Case=Voc,1.1319231422671772,1.0,1.0,0.0,0.0,0.0,1.0,0.0,0.0,0.0,0.0,0.0,0.0,2.472066162365221,4.301162633521313,0.0,0.0,8.299096336348915,0.0,0.0,0.0,5.0
77,ru_syntagrus-ud-train_Case=Voc,32.51970556447275,32.61901286060018,32.61901286060018,33.36165463522455,33.36165463522455,33.36165463522455,32.61901286060018,33.36165463522455,33.36165463522455,33.36165463522455,33.36165463522455,33.36165463522455,33.36165463522455,31.640339933558096,30.92733418838423,33.36165463522455,33.36165463522455,28.18465894773254,33.36165463522455,33.36165463522455,33.36165463522455,30.62678566222711
78,ru_syntagrus-ud-dev_Case=Voc,1.1319231422671772,1.0,1.0,0.0,0.0,0.0,1.0,0.0,0.0,0.0,0.0,0.0,0.0,2.472066162365221,4.301162633521313,0.0,0.0,8.299096336348915,0.0,0.0,0.0,5.0
79,ru_syntagrus-ud-test_Case=Voc,1.1319231422671772,1.0,1.0,0.0,0.0,0.0,1.0,0.0,0.0,0.0,0.0,0.0,0.0,2.472066162365221,4.301162633521313,0.0,0.0,8.299096336348915,0.0,0.0,0.0,5.0
80,grc_ptnk-ud-train_Case=Voc,33.9305356574281,34.02939905434711,34.02939905434711,34.77067730142742,34.77067730142742,34.77067730142742,34.02939905434711,34.77067730142742,34.77067730142742,34.77067730142742,34.77067730142742,34.77067730142742,34.77067730142742,33.052147349974774,32.334192428449484,34.77067730142742,34.77067730142742,29.578285954395668,34.77067730142742,34.77067730142742,34.77067730142742,32.03123475609393
81,grc_ptnk-ud-dev_Case=Voc,8.017558855412288,8.12403840463596,8.12403840463596,9.0,9.0,9.0,8.12403840463596,9.0,9.0,9.0,9.0,9.0,9.0,7.055336829505574,6.59545297913646,9.0,9.0,5.086747487343951,9.0,9.0,9.0,6.48074069840786
82,grc_ptnk-ud-test_Case=Voc,1.1319231422671772,1.0,1.0,0.0,0.0,0.0,1.0,0.0,0.0,0.0,0.0,0.0,0.0,2.472066162365221,4.301162633521313,0.0,0.0,8.299096336348915,0.0,0.0,0.0,5.0
83,orv_birchbark-ud-train_Case=Voc,13.526594175918785,13.615248804190102,13.615248804190102,14.348344852281743,14.348344852281743,14.348344852281743,13.615248804190102,14.348344852281743,14.348344852281743,14.348344852281743,14.348344852281743,14.348344852281743,14.348344852281743,12.720827191831688,12.211674741819813,14.348344852281743,14.348344852281743,10.398317171542711,14.348344852281743,14.348344852281743,14.348344852281743,12.036403117210723
84,orv_birchbark-ud-dev_Case=Voc,37.4411111688149,37.535168694024655,37.535168694024655,38.27822125206737,38.27822125206737,38.27822125206737,37.535168694024655,38.27822125206737,38.27822125206737,38.27822125206737,38.27822125206737,38.27822125206737,38.27822125206737,36.56652992985677,35.819764872979775,38.27822125206737,38.27822125206737,33.00904758126508,38.27822125206737,38.27822125206737,38.27822125206737,35.5089972948954
85,orv_birchbark-ud-test_Case=Voc,22.55617986273385,22.646743695286524,22.646743695286524,23.385358667337133,23.385358667337133,23.385358667337133,22.646743695286524,23.385358667337133,23.385358667337133,23.385358667337133,23.385358667337133,23.385358667337133,23.385358667337133,21.7098927782807,21.044595505734957,23.385358667337133,23.385358667337133,18.560711193270585,23.385358667337133,23.385358667337133,23.385358667337133,20.781602440620407
86,ltg_cairo-ud-test_Case=Voc,1.1319231422671772,1.0,1.0,0.0,0.0,0.0,1.0,0.0,0.0,0.0,0.0,0.0,0.0,2.472066162365221,4.301162633521313,0.0,0.0,8.299096336348915,0.0,0.0,0.0,5.0
87,ru_poetry-ud-test_Case=Voc,1.1319231422671772,1.0,1.0,0.0,0.0,0.0,1.0,0.0,0.0,0.0,0.0,0.0,0.0,2.472066162365221,4.301162633521313,0.0,0.0,8.299096336348915,0.0,0.0,0.0,5.0
88,ru_poetry-ud-dev_Case=Voc,1.1319231422671772,1.0,1.0,0.0,0.0,0.0,1.0,0.0,0.0,0.0,0.0,0.0,0.0,2.472066162365221,4.301162633521313,0.0,0.0,8.299096336348915,0.0,0.0,0.0,5.0
89,ru_poetry-ud-train_Case=Voc,1.1319231422671772,1.0,1.0,0.0,0.0,0.0,1.0,0.0,0.0,0.0,0.0,0.0,0.0,2.472066162365221,4.301162633521313,0.0,0.0,8.299096336348915,0.0,0.0,0.0,5.0
90,cs_fictree-ud-dev_Case=Voc,1.1319231422671772,1.0,1.0,0.0,0.0,0.0,1.0,0.0,0.0,0.0,0.0,0.0,0.0,2.472066162365221,4.301162633521313,0.0,0.0,8.299096336348915,0.0,0.0,0.0,5.0
91,cs_fictree-ud-train_Case=Voc,420.65339800125236,420.76121494263225,420.76121494263225,421.5934060205401,421.5934060205401,421.5934060205401,420.76121494263225,421.5934060205401,421.5934060205401,421.5934060205401,421.5934060205401,421.5934060205401,421.5934060205401,419.6432347178308,418.69141381212967,421.5934060205401,421.5934060205401,415.1401871657332,421.5934060205401,421.5934060205401,421.5934060205401,418.27981065310814
92,cs_fictree-ud-test_Case=Voc,1.1319231422671772,1.0,1.0,0.0,0.0,0.0,1.0,0.0,0.0,0.0,0.0,0.0,0.0,2.472066162365221,4.301162633521313,0.0,0.0,8.299096336348915,0.0,0.0,0.0,5.0
93,la_udante-ud-train_Case=Voc,1.1319231422671772,1.0,1.0,0.0,0.0,0.0,1.0,0.0,0.0,0.0,0.0,0.0,0.0,2.472066162365221,4.301162633521313,0.0,0.0,8.299096336348915,0.0,0.0,0.0,5.0
94,la_udante-ud-test_Case=Voc,1.1319231422671772,1.0,1.0,0.0,0.0,0.0,1.0,0.0,0.0,0.0,0.0,0.0,0.0,2.472066162365221,4.301162633521313,0.0,0.0,8.299096336348915,0.0,0.0,0.0,5.0
95,la_udante-ud-dev_Case=Voc,11.482323371164915,11.59202311936963,11.59202311936963,12.484990989183773,12.484990989183773,12.484990989183773,11.59202311936963,12.484990989183773,12.484990989183773,12.484990989183773,12.484990989183773,12.484990989183773,12.484990989183773,10.463561110401711,9.778803607803972,12.484990989183773,12.484990989183773,7.097534783289195,12.484990989183773,12.484990989183773,12.484990989183773,9.53283798246881
96,ro_rrt-ud-test_Case=Voc,1.1319231422671772,1.0,1.0,0.0,0.0,0.0,1.0,0.0,0.0,0.0,0.0,0.0,0.0,2.472066162365221,4.301162633521313,0.0,0.0,8.299096336348915,0.0,0.0,0.0,5.0
97,ro_rrt-ud-train_Case=Voc,1.1319231422671772,1.0,1.0,0.0,0.0,0.0,1.0,0.0,0.0,0.0,0.0,0.0,0.0,2.472066162365221,4.301162633521313,0.0,0.0,8.299096336348915,0.0,0.0,0.0,5.0
98,el_gdt-ud-test_Case=Voc,1.1319231422671772,1.0,1.0,0.0,0.0,0.0,1.0,0.0,0.0,0.0,0.0,0.0,0.0,2.472066162365221,4.301162633521313,0.0,0.0,8.299096336348915,0.0,0.0,0.0,5.0
99,el_gdt-ud-train_Case=Voc,1.1319231422671772,1.0,1.0,0.0,0.0,0.0,1.0,0.0,0.0,0.0,0.0,0.0,0.0,2.472066162365221,4.301162633521313,0.0,0.0,8.299096336348915,0.0,0.0,0.0,5.0
100,el_gdt-ud-dev_Case=Voc,1.1319231422671772,1.0,1.0,0.0,0.0,0.0,1.0,0.0,0.0,0.0,0.0,0.0,0.0,2.472066162365221,4.301162633521313,0.0,0.0,8.299096336348915,0.0,0.0,0.0,5.0
101,gd_arcosg-ud-test_Case=Voc,1.1319231422671772,1.0,1.0,0.0,0.0,0.0,1.0,0.0,0.0,0.0,0.0,0.0,0.0,2.472066162365221,4.301162633521313,0.0,0.0,8.299096336348915,0.0,0.0,0.0,5.0
102,gd_arcosg-ud-train_Case=Voc,1.1319231422671772,1.0,1.0,0.0,0.0,0.0,1.0,0.0,0.0,0.0,0.0,0.0,0.0,2.472066162365221,4.301162633521313,0.0,0.0,8.299096336348915,0.0,0.0,0.0,5.0
103,gd_arcosg-ud-dev_Case=Voc,1.1319231422671772,1.0,1.0,0.0,0.0,0.0,1.0,0.0,0.0,0.0,0.0,0.0,0.0,2.472066162365221,4.301162633521313,0.0,0.0,8.299096336348915,0.0,0.0,0.0,5.0
104,got_proiel-ud-dev_Case=Voc,13.53666317819868,13.629380029920656,13.629380029920656,14.393053880257655,14.393053880257655,14.393053880257655,13.629380029920656,14.393053880257655,14.393053880257655,14.393053880257655,14.393053880257655,14.393053880257655,14.393053880257655,12.688752674886702,12.135073135337915,14.393053880257655,14.393053880257655,10.1210177353861,14.393053880257655,14.393053880257655,14.393053880257655,11.93984924527944
105,got_proiel-ud-train_Case=Voc,82.63341485137838,82.72847151978574,82.72847151978574,83.48652585896721,83.48652585896721,83.48652585896721,82.72847151978574,83.48652585896721,83.48652585896721,83.48652585896721,83.48652585896721,83.48652585896721,83.48652585896721,81.72786822403019,80.89499366462674,83.48652585896721,83.48652585896721,77.80825791649625,83.48652585896721,83.48652585896721,83.48652585896721,80.54191455385202
106,got_proiel-ud-test_Case=Voc,42.97710146112695,43.08131845707603,43.08131845707603,43.8520238985614,43.8520238985614,43.8520238985614,43.08131845707603,43.8520238985614,43.8520238985614,43.8520238985614,43.8520238985614,43.8520238985614,43.8520238985614,42.052876767760424,41.27347816697788,43.8520238985614,43.8520238985614,38.27368547710032,43.8520238985614,43.8520238985614,43.8520238985614,40.93897898091744
107,cs_pdt-ud-test_Case=Voc,1.1319231422671772,1.0,1.0,0.0,0.0,0.0,1.0,0.0,0.0,0.0,0.0,0.0,0.0,2.472066162365221,4.301162633521313,0.0,0.0,8.299096336348915,0.0,0.0,0.0,5.0
108,cs_pdt-ud-dev_Case=Voc,44.31175069888347,44.429719783046124,44.429719783046124,45.332107826572546,45.332107826572546,45.332107826572546,44.429719783046124,45.332107826572546,45.332107826572546,45.332107826572546,45.332107826572546,45.332107826572546,45.332107826572546,43.22550687319287,42.26700841081611,45.332107826572546,45.332107826572546,38.42362554470882,45.332107826572546,45.332107826572546,45.332107826572546,41.8568990729127
109,cs_pdt-ud-train_Case=Voc,1.1319231422671772,1.0,1.0,0.0,0.0,0.0,1.0,0.0,0.0,0.0,0.0,0.0,0.0,2.472066162365221,4.301162633521313,0.0,0.0,8.299096336348915,0.0,0.0,0.0,5.0
110,lv_lvtb-ud-test_Case=Voc,1.1319231422671772,1.0,1.0,0.0,0.0,0.0,1.0,0.0,0.0,0.0,0.0,0.0,0.0,2.472066162365221,4.301162633521313,0.0,0.0,8.299096336348915,0.0,0.0,0.0,5.0
111,lv_lvtb-ud-train_Case=Voc,81.19748302749292,81.3142054010245,81.3142054010245,82.16446920658588,82.16446920658588,82.16446920658588,81.3142054010245,82.16446920658588,82.16446920658588,82.16446920658588,82.16446920658588,82.16446920658588,82.16446920658588,80.16094920706577,79.24329624643336,82.16446920658588,82.16446920658588,75.7256561543048,82.16446920658588,82.16446920658588,82.16446920658588,78.8416133777081
112,lv_lvtb-ud-dev_Case=Voc,18.15988023088258,18.275666882497067,18.275666882497067,19.157244060668017,19.157244060668017,19.157244060668017,18.275666882497067,19.157244060668017,19.157244060668017,19.157244060668017,19.157244060668017,19.157244060668017,19.157244060668017,17.12048805119501,16.32482771731451,19.157244060668017,19.157244060668017,13.110110602126895,19.157244060668017,19.157244060668017,19.157244060668017,16.0
113,la_ittb-ud-dev_Case=Voc,1.1319231422671772,1.0,1.0,0.0,0.0,0.0,1.0,0.0,0.0,0.0,0.0,0.0,0.0,2.472066162365221,4.301162633521313,0.0,0.0,8.299096336348915,0.0,0.0,0.0,5.0
114,la_ittb-ud-test_Case=Voc,1.1319231422671772,1.0,1.0,0.0,0.0,0.0,1.0,0.0,0.0,0.0,0.0,0.0,0.0,2.472066162365221,4.301162633521313,0.0,0.0,8.299096336348915,0.0,0.0,0.0,5.0
115,la_ittb-ud-train_Case=Voc,1.1319231422671772,1.0,1.0,0.0,0.0,0.0,1.0,0.0,0.0,0.0,0.0,0.0,0.0,2.472066162365221,4.301162633521313,0.0,0.0,8.299096336348915,0.0,0.0,0.0,5.0
116,ga_cadhan-ud-test_Case=Voc,1.1319231422671772,1.0,1.0,0.0,0.0,0.0,1.0,0.0,0.0,0.0,0.0,0.0,0.0,2.472066162365221,4.301162633521313,0.0,0.0,8.299096336348915,0.0,0.0,0.0,5.0
117,pl_pud-ud-test_Case=Voc,1.1319231422671772,1.0,1.0,0.0,0.0,0.0,1.0,0.0,0.0,0.0,0.0,0.0,0.0,2.472066162365221,4.301162633521313,0.0,0.0,8.299096336348915,0.0,0.0,0.0,5.0
118,orv_torot-ud-test_Case=Voc,6.042637852976315,6.13043409737208,6.13043409737208,6.883474574822095,6.883474574822095,6.883474574822095,6.13043409737208,6.883474574822095,6.883474574822095,6.883474574822095,6.883474574822095,6.883474574822095,6.883474574822095,5.3191478014183184,5.299266196580638,6.883474574822095,6.883474574822095,5.705893639231476,6.883474574822095,6.883474574822095,6.883474574822095,5.402057221302106
119,orv_torot-ud-dev_Case=Voc,7.543770206926457,7.641756977563603,7.641756977563603,8.417718703168957,8.417718703168957,8.417718703168957,7.641756977563603,8.417718703168957,8.417718703168957,8.417718703168957,8.417718703168957,8.417718703168957,8.417718703168957,6.73261269016464,6.499431017427283,8.417718703168957,8.417718703168957,5.950299579748687,8.417718703168957,8.417718703168957,8.417718703168957,6.481653671674122
120,orv_torot-ud-train_Case=Voc,10.411592097273116,10.511490311627014,10.511490311627014,11.284882428655225,11.284882428655225,11.284882428655225,10.511490311627014,11.284882428655225,11.284882428655225,11.284882428655225,11.284882428655225,11.284882428655225,11.284882428655225,9.561463658958669,9.129543878451509,11.284882428655225,11.284882428655225,7.6046508325967395,11.284882428655225,11.284882428655225,11.284882428655225,8.995554457619608
121,cs_cac-ud-dev_Case=Voc,1.1319231422671772,1.0,1.0,0.0,0.0,0.0,1.0,0.0,0.0,0.0,0.0,0.0,0.0,2.472066162365221,4.301162633521313,0.0,0.0,8.299096336348915,0.0,0.0,0.0,5.0
122,cs_cac-ud-train_Case=Voc,1.1319231422671772,1.0,1.0,0.0,0.0,0.0,1.0,0.0,0.0,0.0,0.0,0.0,0.0,2.472066162365221,4.301162633521313,0.0,0.0,8.299096336348915,0.0,0.0,0.0,5.0
123,cs_cac-ud-test_Case=Voc,1.1319231422671772,1.0,1.0,0.0,0.0,0.0,1.0,0.0,0.0,0.0,0.0,0.0,0.0,2.472066162365221,4.301162633521313,0.0,0.0,8.299096336348915,0.0,0.0,0.0,5.0
124,pl_lfg-ud-test_Case=Voc,1.1319231422671772,1.0,1.0,0.0,0.0,0.0,1.0,0.0,0.0,0.0,0.0,0.0,0.0,2.472066162365221,4.301162633521313,0.0,0.0,8.299096336348915,0.0,0.0,0.0,5.0
125,pl_lfg-ud-train_Case=Voc,93.66779729448109,93.7683315410912,93.7683315410912,94.57536677169166,94.57536677169166,94.57536677169166,93.7683315410912,94.57536677169166,94.57536677169166,94.57536677169166,94.57536677169166,94.57536677169166,94.57536677169166,92.70173197471077,91.80141611108186,94.57536677169166,94.57536677169166,88.4738661978779,94.57536677169166,94.57536677169166,94.57536677169166,91.41936337560003
126,pl_lfg-ud-dev_Case=Voc,1.1319231422671772,1.0,1.0,0.0,0.0,0.0,1.0,0.0,0.0,0.0,0.0,0.0,0.0,2.472066162365221,4.301162633521313,0.0,0.0,8.299096336348915,0.0,0.0,0.0,5.0
127,cs_poetry-ud-test_Case=Voc,46.27668149295064,46.389654018972806,46.389654018972806,47.275786614291256,47.275786614291256,47.275786614291256,46.389654018972806,47.275786614291256,47.275786614291256,47.275786614291256,47.275786614291256,47.275786614291256,47.275786614291256,45.21553322083512,44.26623995778272,47.275786614291256,47.275786614291256,40.65556542467464,47.275786614291256,47.275786614291256,47.275786614291256,43.86342439892262
128,ru_gsd-ud-train_Case=Voc,0.1767766952966369,0.0,0.0,1.0,1.0,1.0,0.0,1.0,1.0,1.0,1.0,1.0,1.0,1.5634719199411433,3.5355339059327378,1.0,1.0,7.3739406018763125,1.0,1.0,1.0,4.242640687119285
129,lv_cairo-ud-test_Case=Voc,1.1319231422671772,1.0,1.0,0.0,0.0,0.0,1.0,0.0,0.0,0.0,0.0,0.0,0.0,2.472066162365221,4.301162633521313,0.0,0.0,8.299096336348915,0.0,0.0,0.0,5.0
130,bg_btb-ud-train_Case=Voc,1.1319231422671772,1.0,1.0,0.0,0.0,0.0,1.0,0.0,0.0,0.0,0.0,0.0,0.0,2.472066162365221,4.301162633521313,0.0,0.0,8.299096336348915,0.0,0.0,0.0,5.0
131,bg_btb-ud-test_Case=Voc,1.1319231422671772,1.0,1.0,0.0,0.0,0.0,1.0,0.0,0.0,0.0,0.0,0.0,0.0,2.472066162365221,4.301162633521313,0.0,0.0,8.299096336348915,0.0,0.0,0.0,5.0
132,bg_btb-ud-dev_Case=Voc,1.1319231422671772,1.0,1.0,0.0,0.0,0.0,1.0,0.0,0.0,0.0,0.0,0.0,0.0,2.472066162365221,4.301162633521313,0.0,0.0,8.299096336348915,0.0,0.0,0.0,5.0
133,bej_nsc-ud-test_Case=Voc,1.1319231422671772,1.0,1.0,0.0,0.0,0.0,1.0,0.0,0.0,0.0,0.0,0.0,0.0,2.472066162365221,4.301162633521313,0.0,0.0,8.299096336348915,0.0,0.0,0.0,5.0
